id,latitude,longitude
13969825,51.0548994,3.7223248
740727,50.7887051,4.052819574178704
12188645,0.0,0.0
9710340,51.0582196,3.7222621
8298124,51.0268308,4.1005587
2313967,51.054784,3.715147529390401
10032417,51.0563899,3.7200107
23486686,51.0172842,3.7352118
1755070,0.0,0.0
1557772,51.05787295,3.723593150457762
740670,51.0579981,3.7233312548638176
6943054,0.0,0.0
21182656,50.9238167,3.4470247
6959268,51.1690027,4.1391715
967590,50.9036447,3.509640294271243
2602975,50.9196162,3.6129843
740625,50.930108950000005,4.041852779124971
784367,51.0548744,3.7136199
1072090,51.0542464,3.7173773
3792504,50.7458853,3.6023023
12902687,0.0,0.0
2720670,51.0184444,4.1145556
4439470,51.1648745,4.1427885
1057733,50.8024742,3.7636473
740681,51.0552703,3.7201795
4014169,51.0509911,3.728799411235952
3351157,51.2417954,3.5250784
814598,51.05456815,3.7223980006865136
7214432,51.0362869,3.7130515
6578428,51.0522075,3.7275609
6878996,51.0545126,3.714831
6412828,51.0577781,3.7329399
1757529,51.05456415,3.7232932513016848
1751252,51.0535518,3.7244581
3595923,51.171304,3.446861
10464254,51.1236091,4.215098336161006
12233896,51.0510841,3.7200203
8423272,0.0,0.0
24077843,0.0,0.0
4895257,51.0758261,4.0409546
2352716,50.8836278,3.7802123
740776,51.1928751,4.178445432355019
3809633,51.0587194,3.7243453
798937,51.0554033,3.7188157
19335957,51.0411186,3.721401500404408
740695,51.0505186,3.7274867
6920236,50.8260371,4.020243
3493781,51.040446,3.6924629
3669846,51.1763062,4.3031833
740664,51.05584755,3.722213283039221
3171084,51.0845328,3.4483626
12789360,50.9402721,4.0147795
18964710,51.05030325,3.7161454799683313
2599711,51.0312223,4.098569
7976850,51.0544131,3.7173029
3248702,0.0,0.0
11748881,51.0563711,3.721552655569576
1059578,51.047594700000005,3.721504193090248
8279642,50.8687913,3.6051009
11576275,51.056226,3.718750623964723
694721,51.0383362,3.6914411
3265769,51.05867975,3.7243145165017326
6280220,51.0598795,3.7208645320819898
1024646,51.0521608,3.7191195
5543334,51.2080614,3.426001
2236342,51.0564222,3.7224589
4584446,51.1112276,3.811753241756493
3601600,0.0,0.0
740796,51.0092581,3.6337604
8744781,50.98597105,4.048454767127241
3457241,50.774094,3.8846791
3819823,51.0001662,3.7477565
3774380,51.0534491,3.7262655339826978
7215510,51.0594342,3.7250835
2543672,51.1451298,4.102843576979182
15194988,51.0552314,3.7124047
2196877,51.0579992,3.7234983
740685,51.0582862,3.724431549417889
8490721,51.1126056,3.4443896
7194566,51.1278112,4.222734010651269
12093845,51.0479391,3.7281563
1070849,51.0500416,3.7195835
9853749,51.0454297,3.7230507
3226197,51.05771045,3.7241628616500817
3368355,50.99046005,3.964565449734972
740764,51.024127750000005,3.623803837371967
3812785,51.163703,4.139013524783051
7180917,50.902401100000006,4.005155523377303
15579659,51.05674695,3.719396322068964
14184000,51.0583769,3.727979280374998
1009422,50.9989095,3.6112249
877202,51.0567956,3.719615307458427
7894545,51.0498628,3.7315607
3602108,51.1471099,4.299836
3360463,50.84891755,3.60092276835839
2532013,51.0500823,3.7170462
740592,50.92838915,4.065638984012873
7987911,51.0542538,3.7259103851370834
1058490,51.054947,3.720996
20292091,51.0560269,3.7140557092355215
16024254,51.056337,3.7145389
2230743,50.9480018,4.09815
806728,51.0575702,3.7217227
1894818,51.0490775,3.722596
3448259,51.0548994,3.7223248
740710,51.1196852,4.000615837068967
810739,50.94103505,4.03680963865248
3608732,51.0498883,3.7217005
6103908,51.0585776,3.7217242
814597,51.04857565,3.721559274541164
740721,51.1071764,3.9877692304504495
15677953,51.05833575,3.7234168426499057
3171501,51.0579761,3.723447
1913510,51.05350645,3.72623506270584
4302056,51.0000206,4.1291846
740722,51.1841953,3.4553772
13146426,50.939267400000006,4.039881910362958
1537371,51.0610035,3.7278472
10156446,51.1828037,3.5711194
3347271,0.0,0.0
3153530,51.0412414,3.7362947
2239219,51.0305284,4.0971731
3806309,51.0063009,3.6035629
3842469,51.0522978,3.7202205
2199243,0.0,0.0
11618698,51.05675,3.7194778390592513
740778,51.1765244,4.1821982
3726286,50.83890185,3.889307159709149
2052344,50.95772505,3.639129325480373
2221864,51.0434713,3.7246837
15318037,51.0477704,3.7217494
4371274,51.05983655,3.723416538633825
5038690,50.9326848,3.4635385
3676410,0.0,0.0
796958,51.0516651,3.7197918
7993643,51.1641787,4.1389749
3682354,0.0,0.0
796954,51.0533086,3.721501463390093
23552880,50.84659125,3.6151463190143858
12489563,50.9058128,3.716362297071635
21058987,50.92781315,4.033799003566674
7130665,51.0589275,3.724581346841545
2365952,51.0546322,3.7199171
6579192,50.8366383,3.9989205
4026766,51.05403465,3.725602353556724
740613,50.938041600000005,4.039524472139288
14013341,50.99895065,3.55059220102887
9864055,50.8755159,3.7336371
740683,51.0580985,3.7225446
2664115,51.0578315,3.724176591639535
18857626,0.0,0.0
23847924,51.20703625,4.041603562627236
12167667,0.0,0.0
2163268,51.0593815,3.7245851
740783,51.1834313,4.198648
4310511,50.7985443,3.62112
15128206,0.0,0.0
17398460,51.0561029,3.7223297
4507483,51.19085985,4.20562344056784
6696799,50.8433891,3.6034536
2502733,0.0,0.0
8141966,51.0285161,3.839615191584373
6847133,51.1813357,4.189837934759288
806734,51.0360462,3.7118306
17827847,51.0547874,3.7297322
7159789,51.05052365,3.7132508734577305
10207752,51.0098724,3.6341887
3573432,51.0914459,3.4889116
4542201,51.09976085,3.826886210224392
12065296,50.8553126,3.6317612
10041401,51.04032755,3.611751357399757
4115198,51.0087482,3.6332033
13504665,51.0572609,3.7303436
7260223,51.0496995,3.7316202
784380,51.05356535,3.7261727993260574
7196121,51.0572411,3.7305956
2236115,51.0559633,3.7217523
14197278,51.0080815,3.6577311
803442,51.0490357,3.7327338
16864615,51.0552209,3.706800883265402
7134847,51.1046079,3.9901322
8494267,50.841712,3.6132633
3561795,51.0568282,3.7231742
7828141,51.1067223,3.8725007
3610738,51.1837763,3.639767189218751
952285,51.0488872,3.721804333250208
809823,51.0553132,3.7233681
8324063,51.0476608,3.711659498114871
1100212,51.04373805,3.982582802864547
14794630,51.09089815,3.651143690163736
12864397,51.0412909,3.71859976723376
4793719,50.9587942,3.4846025
12972530,51.0585105,3.724768044528632
17343566,51.05559305,3.7216312391332753
3600615,0.0,0.0
740724,51.1655862,3.4812793
806741,51.0577357,3.7228966
3606390,51.0490439,3.7270714
967664,50.843566800000005,3.603319149949244
3632887,51.0913164,3.446912
952588,51.044505,3.7362854
2184143,51.0564668,3.7212971
796956,51.0564758,3.7255247
4464107,51.10339895,3.98769358239796
12406258,51.1874878,3.5666341
7938095,51.05424035,3.724092928923848
7018477,51.0975678,4.144070874849579
6369185,0.0,0.0
8829831,51.1798298,3.5756851
740781,51.16344715,4.139862283413217
3589192,50.8499024,3.5978634
13964227,50.9452112,3.9501728021805502
9879288,51.0600914,3.7244597
3138502,51.0496035,3.7232222
4263029,50.7716795,3.8822639
10760635,50.9566699,3.6415525
21203532,0.0,0.0
3243651,50.76932785,3.876180762760156
3163795,51.0579767,3.7240997
10626440,0.0,0.0
1127788,51.057783,3.722374533750553
12106152,51.05789215,3.725780441204432
1067971,51.052799,3.719694
8611912,51.0521451,3.7211327
10767185,50.8037004,3.7643351
23487213,51.0368014,3.7421229
6949539,51.0539582,3.7199527
12071852,51.008195,3.4787812
3836275,51.03171,4.0932582
5524803,51.1044337,3.6259832
7023275,51.0462376,3.9459144
23413299,50.76685845,3.886782900315176
6761345,50.9788002,3.5299382
6207281,51.1577007,3.5925488
7117834,51.2142777,3.381712
12213239,51.0551644,3.7195449
1592412,51.05665945,3.7208136237532816
4521835,51.0995209,3.4271437
7610247,51.0492038,3.7310845
10052092,51.2089905,3.4470783
3395367,51.0578005,3.7237319
10644250,51.0551666,3.725297397546419
19409426,50.8689457,3.8107088
4083204,51.0589922,3.7246214
1220249,51.2526552,4.280228753380383
7931854,51.2809114,3.5864147
740614,50.94122605,4.014495246549087
15031830,51.0482834,3.7215717
6957717,51.17121315,4.127672687025409
4770675,50.83526705,4.025154339299883
740802,51.2000595,3.8068324
3174973,50.9351244,4.0379211
19393945,51.052564,3.724912632427777
21342282,51.05117235,3.72935523864951
21002882,50.930837,4.019098995681518
18717363,50.8301999,3.6289186
1179017,51.041641,3.740748
2370930,51.0562817,3.8009229
7963960,50.93804375,4.039430827698366
6351089,51.0532785,3.724158311986894
3597575,50.889792400000005,3.550308185762576
793948,51.0532692,3.7304537
23477236,51.0268308,4.1005587
1150372,51.0578418,3.7231218
12559476,51.0561953,3.7201748
15097223,51.0256249,3.7098557
11796227,51.0154097,4.20244
6664445,51.0544461,3.7222501049337406
2366829,51.0480906,3.7964492
4484617,51.0088772,3.5802454
17274658,0.0,0.0
740750,50.7473198,3.6012988
1027552,51.0553418,3.7238687919924
740647,51.0312918,4.1025769
3806281,51.0006269,3.8730563
2234803,51.0565795,3.7199704
13001710,51.0570787,3.7303103
7233853,0.0,0.0
872316,51.0381141,3.7105229
2334390,0.0,0.0
3347105,51.2464685,3.5906393495378293
1226264,0.0,0.0
4270462,51.09504200000001,3.608851130988003
7210781,51.0184636,3.7667858
6509420,51.0885412,3.4909495
1140700,50.9986395,3.8041514
4227710,50.98084125,3.874061308716112
7193326,0.0,0.0
13847809,51.0545176,3.7223557347199847
939179,51.0218791,4.1083421
11689226,51.1098384,3.96818
8684533,51.0685287,4.0382782
6995311,51.0047453,3.8854772
8181253,51.0567714,3.7198567
5420342,50.9379944,4.0330918
3806724,50.97571790000001,3.524636365671644
6621202,0.0,0.0
12636590,51.2063752,4.256618
10288941,51.2098708,3.4480883
13224213,51.052938,3.7244845762592735
1006865,51.0489037,3.7313104
740689,51.0505004,3.7300515
7215455,51.087681,3.7086277
7243474,51.008402700000005,3.632643189953543
6367083,50.9831756,3.55647555523281
4341214,51.2886739,4.1753335
14804295,51.0406179,3.717114589680667
3602096,50.8563707,3.6658999
1060355,51.1681168,4.144592092440444
4703725,51.1467412,4.3007277
740691,50.9901728,3.5900878
3293340,51.0836512,3.7164294
740708,51.0574673,3.7258176
4680315,50.9682873,3.6597123
4510013,51.08876335,3.995036222999051
2714850,51.218488,3.4282211
6717670,51.09816505,4.136205075036797
7695538,50.80959085,3.625535929900532
7193371,0.0,0.0
3983141,51.0839664,3.4482067
7787425,50.9268722,4.035227995400161
10135239,51.0512858,3.7201528
11956137,51.1289837,4.23019297330381
7792705,50.8301999,3.6289186
4450753,51.1181781,3.5604501
4106535,50.7947964,3.951003303228352
8565765,51.057104,3.7266786
7807413,51.1637444,4.13908744779584
7604681,50.95651525,3.901819074718655
3803371,50.8697264,3.8123417
6437053,50.7620117,3.8280715938796495
1179069,0.0,0.0
740790,51.1645499,4.142834912518401
7723176,51.0868048,3.8800998
2413146,51.0092581,3.6337604
15319535,51.2207674,3.7432298
3608281,51.0620435,3.7272837
6407024,50.9337681,3.5394886
5961995,51.0503084,3.6646171
10700030,51.0498704,3.7196905
8806782,50.7488186,3.6043924
3607164,51.00473125,3.622422751691147
13592803,51.0837513,3.4487946
12883299,51.0575508,3.7256513
10251754,51.03739585,3.7268633744793984
13080430,51.019668,3.681079
2172520,51.0318131,4.1025297
2720780,50.9731644,3.7180056
7215409,50.7728857,3.8764297
6696418,0.0,0.0
11801831,51.0513379,3.7288895
23825374,51.2014675,4.0352266
6701550,51.12882895,4.23940467852978
3981218,51.0436424,3.7154125
12408121,51.0544736,3.7232613550084137
5308476,51.0479866,3.7272675
5521565,51.0495923,3.7211571
16696529,0.0,0.0
11945825,51.09626655,4.135673752482447
11500843,51.1656902,4.141337615170147
1054072,51.0403311,3.7254413
9805396,51.045886550000006,3.7222473802003577
16853765,51.0659111,3.7161027
9993669,51.048901650000005,3.721454372136346
1181300,51.0563596,3.7906207
10344198,51.0987035,4.034898960572434
19452351,51.0431958,3.7162827
8305648,51.0488234,3.721398
6451343,0.0,0.0
9599903,51.0389309,3.715769804337202
8658874,0.0,0.0
21295331,51.0544233,3.722958304031354
12367843,51.0543904,3.722272620609038
816070,51.0580312,3.7238478
3600002,51.0567696,3.7340288
7240054,0.0,0.0
4781720,50.9696227,4.0059259658780615
2179900,51.0269812,4.2172601
7160772,51.0096278,3.9716975
2330189,50.937792650000006,4.0298496702552615
814602,51.0542473,3.7303182
15859767,51.0034735,4.1256102
7246379,50.7479182,3.5991341
24169581,51.0572731,3.724826895999992
8861415,51.064596,3.728873746072797
866334,0.0,0.0
8644449,50.918003,3.690039
7599382,51.0550495,3.742729255640664
12184937,51.0561662,3.7258365
740640,51.1162299,3.4312650298024154
740748,50.74298205,3.6016281779678048
7218478,51.04959205,3.7303953013744495
13227731,51.063549300000005,3.729036888380525
12645122,51.0048786,3.8881878
3803392,50.8820549,3.727234104907245
1023848,51.058614,3.7207476
7708371,51.0525624,3.7234738
9711890,51.1846289,3.6315175
6873550,51.05498055,3.7270597859018704
13166103,51.1848455,3.5648757
23469022,0.0,0.0
8404196,50.8712093,3.6594471
3820290,51.0483615,3.7269118567258266
10463360,51.0473083,3.7219704
17785348,51.0490482,3.721251
12794783,51.0576592,3.7241502
7217087,50.92949625,3.961661775139244
7047211,50.90209175,3.718999998025799
13476736,51.0581469,3.7239455
805440,51.091757400000006,4.170337540918901
740761,51.0092581,3.6337604
7612210,51.0088827,3.8071965
18153830,50.9355566,4.039031366241937
4197484,50.9756204,3.97531188119133
13990841,51.05497925,3.7264846027462792
21084007,50.8323849,4.0140023
11829393,0.0,0.0
10157303,51.0479227,4.1291269
12176864,51.1035401,3.9931897
7993807,51.0299648,4.04063
15868935,51.0556824,3.7229223
15130951,50.8990911,3.8208507
740751,50.7487146,3.6013047
2716048,51.039015,3.7258745
11907846,51.05638605,3.7212601909738
18219287,51.2067626,3.448514097122989
14948267,51.0495876,3.731993281675592
6855700,51.0371213,3.7139965
11802326,51.0061334,3.7513094
1072034,51.0543832,3.7164316
14804326,51.0506099,3.7182397
11500597,51.0544233,3.722958304031354
3847510,51.0508001,3.7198219
20301168,51.0532094,3.7303623
12268205,50.7484466,3.5999771
11883959,50.8431932,3.6050058
19927752,50.9982932,4.1534047
740700,51.0370046,3.7121285
740682,51.0569293,3.7216012
7931771,0.0,0.0
7895401,51.09220285,4.16994855640304
7991016,51.0190956,3.7534487
1166023,50.87261165,4.079612348918601
5062225,51.041297,3.729657343891069
12309687,51.10650285,3.9872911101476127
6380631,0.0,0.0
13112226,51.0052788,3.623869039605502
8451088,0.0,0.0
7693374,50.9292757,3.6598488
1924338,51.0531142,3.7256863
7225488,50.9296632,3.8180021
7895642,51.0577619,3.7238044
7614991,51.06435695,3.871211843782514
8319700,51.0098265,3.7917231
4942460,0.0,0.0
10643138,50.840468,3.722880291804733
4818421,50.9198356,3.5285033
12335910,50.7665914,3.8070279
13479805,50.74560585,3.5986189099920707
1075854,51.052724100000006,3.7381125319917095
11923954,51.049806,3.7309032
8649229,51.1112426,4.174586
7131645,51.16474555,4.141826508079356
8092646,51.1848455,3.5648757
1179193,51.058065,3.7241507
796834,0.0,0.0
10062100,50.99625435,3.649749729145078
4557048,51.04373665,3.982926176071431
7646918,51.1242509,4.212842869180424
14204507,51.0508684,3.719884
740798,51.0502101,4.062963346399583
21066394,50.97571790000001,3.524636365671644
19994882,51.0596746,3.724096641734166
15245129,51.0525624,3.7234738
10862949,51.0499561,3.7168939
3411434,51.0525624,3.7234738
12961849,50.8996805,3.8777404
1016007,51.0386683,3.7281423
16845177,50.8428514,4.0261267
7139054,50.7979874,3.7571729
13272887,51.105453,4.1400724
11957714,51.2365006,3.6748427
3967822,51.0241206,3.8141986
12692263,51.0513379,3.7288895
5532539,50.88501705,3.5102312265720856
17146516,51.0556782,3.7233745540095993
12954475,50.9655225,3.9780827254178135
13478323,51.1141937,4.124143344236903
14077469,51.0498716,3.721431
7350108,50.9347683,3.4672556
3863884,51.0578448,3.7417016
8333425,51.0555454,3.836224
13964498,0.0,0.0
740658,51.0395625,4.1377048
7914271,50.7714455,3.875869601080563
12189152,51.03757225,3.708426017184591
17384725,0.0,0.0
4601420,51.0571992,3.7263339
3539953,50.9372531,4.0395404
7707183,51.0906518,3.8150075
5011120,51.1064198,3.6303079
4828126,51.22722365,3.752044665562572
1143981,51.0263294,4.216531067236005
15873975,50.96607025,4.0370028243320615
14863597,51.05699085,3.722443696061501
740600,50.9384917,4.0381505
3607604,50.7473198,3.6012988
7895372,51.16992105,4.146361047656249
3488339,51.0947183,3.6047238
5809807,51.0584502,3.72778
9607048,50.9283563,3.6590331
7008020,50.8697279,3.8095525
23349135,0.0,0.0
22996519,51.16806,4.1451194
3682528,50.837734,4.0232749
740760,51.00578615,3.603866943933824
10509751,0.0,0.0
15599610,51.02180595,3.6723518237525927
20302634,51.0562204,3.7269226
812031,50.93801795,4.03988102247321
7371064,51.014701,3.7524813
7132781,50.83088615,3.8388739630849495
18980774,51.0486774,3.7269775
3219288,50.8418948,3.610634825456157
740762,0.0,0.0
12501981,51.0569906,3.7004877
21064229,50.780879600000006,3.7362648309581856
740601,50.93830235,4.022648902630254
4482255,50.990972,3.6470404
13386049,51.0596981,3.7245919
21277004,0.0,0.0
694671,51.0830049,3.668824176761271
7369422,0.0,0.0
1025415,51.0701964,4.120658343285216
740794,51.1697529,4.178460834433962
10956073,0.0,0.0
20206725,0.0,0.0
3958389,51.0555765,3.7214809
4932398,50.7884646,3.990430054800129
3541208,51.0553309,3.721313790685241
4225501,50.7642093,3.864210514032537
3685527,50.9457102,3.8036938
13945471,50.8691807,3.8127027
6873500,50.9160496,3.650801
12239152,51.0555621,3.7212431
6586248,51.2008211,3.4870672
5593316,51.0539303,3.743713702475248
6909704,0.0,0.0
4795043,51.18978105,3.525845437611211
5990369,51.0509362,3.7199286
3806497,51.2159902,4.2652973
23613784,51.2146628,4.2589268
17449457,0.0,0.0
8397704,0.0,0.0
19394906,51.0506099,3.7182397
19488313,51.03802715,3.726607424813444
7626341,51.0560226,3.7978297
11535726,51.2089385,4.0438945
4263532,50.9781473,3.9688355
23484265,51.05685745,3.722014384681053
10726017,50.868456,3.8092558
7002851,50.9005445,3.588742
23190857,51.0572368,3.7245505
740774,51.0101755,3.6353821464168377
7927223,51.2057201,4.2411645
4605246,51.0165651,3.7534203
740639,51.06639765,3.429424562960275
4892161,51.1473896,4.300329162095018
2385392,50.88455855,3.510613257165621
4047780,51.05481445,3.720771215190016
21272805,50.84191955,3.603617445522923
13417424,51.0621587,3.760910736938888
21374383,0.0,0.0
19323310,50.94083025,3.9900826965330265
11699627,50.9653994,3.9794539
8145819,51.095925,4.0888921
23774047,51.0560226,3.7978297
3800252,51.1461706,3.9538409
19600555,51.0507739,3.7277468
10280782,51.05199635,3.722767583232903
7890897,50.9457877,3.4790719
1962995,51.0522668,3.7196217
8407479,51.176141,4.316095258715593
15851261,51.0398614,3.7445376
4601425,0.0,0.0
1233802,51.1554098,3.732932
3198465,51.2057201,4.2411645
8463599,51.1517729,4.136939977358491
15234622,51.0586243,3.7214135
11803061,51.0679549,4.038991
8283429,0.0,0.0
7693867,50.74441,3.6005799
12549524,51.0466988,3.7221645
15193283,51.0567697,3.7341267
5990097,51.0597507,3.725069
10731148,51.0254164,4.002736197915303
1023296,51.05119585,3.728578251374033
13302751,51.05566305,3.693678999212602
6982672,51.1532639,3.6145715
1179020,51.0569085,3.7266759
24124233,51.0465746,3.7218329779999992
7624155,51.087681,3.7086277
3681668,51.0061334,3.7513094
10785271,50.8686665,3.8104362
4061589,50.9850708,3.8614601
4735759,50.79681065,3.5939072369918708
6950653,51.1929065,4.0974966
9562821,50.9949138,3.8788572
13122658,50.9058651,4.00180690101336
1076730,51.02073105,3.61918418013162
16668182,51.1129953,4.09416706495327
4089456,50.752300250000005,3.916790511443817
14690754,51.05276445,3.72269754228805
7912629,51.055941700000005,3.7229799763064895
810276,51.0520143,3.7196261
3254682,50.8432453,3.6034260571974186
13166488,51.0661019,3.7560392
7809791,51.1300891,3.86352216413649
1769935,51.052593,3.7245576022858655
15011401,50.99791835,4.211007885779816
13528623,50.9167141,4.0443469361555575
740720,51.1259834,3.9801515392116382
12447177,51.0477178,3.7217716
7350161,51.000775,4.1296083
14999423,50.77139795,3.873569021881836
6635022,51.2522878,3.4133493
10807304,51.04733205,3.704079753527612
3247023,51.0233137,3.6217423
10131620,51.09717135,3.835384015176849
3253521,51.0303402,4.0451119
14086128,50.94074015,4.043800145417745
9750204,51.178551,3.746992684641071
13150719,0.0,0.0
3567955,0.0,0.0
13822502,50.96754095,3.977321956852898
5877640,51.1990499,3.8100568
7154403,51.0490221,3.7213892
740663,0.0,0.0
8659110,51.0032503,3.8800617
6434361,50.96575475,3.978433441173468
4942498,51.15326385,4.153538218494281
810287,51.0609152,3.7260604
8707543,50.93225455,4.1340003515923565
3974084,51.1981699,3.8124639
1007100,51.0577619,3.7238044
11933330,50.8330606,3.6020351
6022514,51.2026497,4.079294458617708
12153383,51.0100298,3.9318226
4001984,51.0203884,3.640082638594989
3155490,50.9208647,4.037013978719733
3611450,0.0,0.0
12822386,50.7993267,3.927923704680534
1769936,51.0547304,3.722500118998634
7332647,50.8557519,4.053629
3846880,51.0584206,4.1515815
3228265,51.0558031,3.7268487
4170174,51.032889,3.8037595
3673531,51.1848455,3.5648757
10208395,51.0524452,3.7250449
15759919,50.9967619,4.1302578
8552211,51.0944976,3.827034
15601662,51.1094797,3.709207190555535
8499689,51.0375603,3.7433935
12225330,50.9370322,4.036491094940768
18542716,51.0561564,3.7255377790709256
8733128,51.0572271,3.7262629
4931823,0.0,0.0
7350205,50.7719132,3.6441561964135474
20254187,51.05024335,3.72969339585378
8806773,51.0045263,3.8835223
2338384,50.9349048,4.044513506893798
7045750,50.98537905,3.681818549087181
1735420,51.0572954,3.724915
11699538,51.0009209,4.0847268
740686,51.0613228,3.726594
8328209,50.78857525,3.506913993514427
4457741,0.0,0.0
7246859,50.9376206,4.0291683
2232741,51.05620785,3.719878446736909
3589043,51.0339391,3.7252005
3370384,51.1222068,4.0998977
12527977,51.0407482,4.1023634
7269336,51.0837012,3.4486235
7992437,51.21267695,4.256436740884447
10025700,51.0495293,3.7391171
8020177,51.16255265,4.143563372914965
7061302,51.0803212,3.8934967
15092124,51.1542864,3.6155653
12853535,51.2337236,3.4616932
12514191,51.01088865,3.702491327530113
850234,51.013937,3.5846965
23222867,51.227554,3.753928623250269
15057473,50.95861585,3.605809619164208
10947847,51.0463023,3.7220038
3733374,51.0390309,3.7458335
9740168,51.140316,4.0746762
8605364,51.0686192,4.0453317
20911755,51.0291923,3.8481539
9455681,51.0521237,3.7257127
21157313,51.0521099,3.7252466
10193130,51.06225625,3.691813953552491
15247101,50.93897975,4.041976706378321
10458084,50.9351855,4.0453971
8462977,50.9209675,3.8562789989854327
18453187,51.045413,3.7228521
7989591,51.0476529,3.7218023
6163280,0.0,0.0
24178115,51.0901057,3.4473115
11631058,50.99101245,3.92502585639943
3877349,50.9411244,4.0367996
16556171,50.932511700000006,4.083645852814658
7047337,50.8418096,3.6032058
12842197,51.0475329,4.128571
10501955,51.0546322,3.7199171
4002106,50.9790954,4.0802415
7772672,51.0498508,3.7453762
3943658,51.0572303,3.7415739
15324715,51.0061334,3.7513094
3784184,51.0505186,3.7274867
14900664,51.0908461,3.994052601091699
12949356,0.0,0.0
7823818,51.2173441,4.0214832
3655227,0.0,0.0
17425130,50.8686665,3.8104362
7381106,51.12415895,4.21496117378155
3246304,51.058135,3.723831155882352
12945389,50.9196467,3.8619444
10175915,51.0371616,3.7118793
3171315,50.8433813,3.6045536
2179881,51.0312223,4.098569
9704135,51.0973277,3.8361050556302354
23871008,51.0553349,3.7185516
21209634,50.9774637,3.6719985
7303967,51.057406,3.7246013
13592547,50.93925965,4.04019214747024
11777737,51.0416094,3.7295542513518662
3263753,51.0271803,3.6754168
1148852,0.0,0.0
16865447,51.0092581,3.6337604
3337781,51.0841584,3.4481526
4004241,51.1253583,4.21021
8027613,51.0487771,3.8364782
2231191,51.0512084,3.7252708
11533809,50.7719304,3.8892244523166015
16718647,0.0,0.0
8641014,51.0291618,4.098837
16797176,0.0,0.0
3653136,51.053775,3.7254193
8619823,51.0817033,3.6883693
7725195,51.1028681,3.4366678849243666
23599077,0.0,0.0
740645,51.0288753,4.0647362
740754,50.7501657,3.5968188
11702354,50.9562578,3.6241592
7361015,51.0677019,4.0373929815967
20938371,0.0,0.0
8609751,51.0385309,3.6306419
7995930,51.0444668,3.7263653
10520430,0.0,0.0
17950230,51.0544233,3.722958304031354
23837629,0.0,0.0
3845652,51.0623571,3.7517178
13206345,51.0537322,3.718697
3820132,50.9977696,3.9935753
4004266,50.9829148,3.7691164
9993372,51.0202362,3.667423773606228
7395367,50.8459837,3.6666854
13941921,50.9380412,4.039623208583298
21164920,51.0506008,3.720694500888655
7303428,50.992665,3.5467394454915446
11426853,51.21526595,3.923065441404576
23131063,51.16361545,4.138865976671349
7210069,50.93756805,4.028012993926259
18338312,51.0327782,3.549446
896603,51.0572651,3.7231206
7787343,51.0092581,3.6337604
5103001,51.0580701,3.7426794
6131984,51.0061334,3.7513094
12556247,0.0,0.0
20127930,51.000235,3.9617962
4420457,51.0523891,3.7210955
15024518,51.08835405,3.710043893042071
8779800,51.058257,3.7242471
4070102,0.0,0.0
12213669,50.93895,4.0409472
7929547,50.9773417,3.5336877842875616
19853784,51.0544233,3.723466068553453
21149871,51.129942150000005,4.047022194462366
21116392,0.0,0.0
15297738,51.12482305,4.225011851516465
6826127,51.04549255,3.7299531245872304
9582486,50.9391315,4.037516330217546
5452868,51.2085177,3.4460445
10429129,51.0062612,3.75131
4481717,50.9819829,3.5508323
7656591,51.0473912,3.7270726
19225406,51.1645339,4.1427212
17530625,51.0657845,3.7294001
7989360,51.1299136,3.901063206124862
6577101,0.0,0.0
7681907,51.1894853,3.5571596
8130141,51.06138775,3.726994613603495
7970672,51.04040955,3.981472707768337
740726,50.93490475,4.128239423135473
1803996,51.2708764,4.2985429
4605437,51.2087894,3.4487991
17604612,51.0544233,3.723356223771601
23568300,51.019668,3.681079
8574666,0.0,0.0
3265150,0.0,0.0
8828302,51.16479115,4.142056640432985
7781363,50.9380019,4.031413073854867
1787973,50.7700433,3.8748289
3653128,50.99219685,3.6493573
11926953,51.0479866,3.7272675
3166122,51.0302756,3.722461
5607317,51.1348621,3.945737381301171
10071092,50.7717623,3.880362
23848100,0.0,0.0
9595658,50.98910695,3.45900395667967
1099390,51.0512285,3.7251774
11621491,50.9022752,4.01313777143287
15043801,51.0545903,3.730348276383927
12300282,51.0744215,3.7232245
8633184,51.0620435,3.7272837
23693766,51.0522181,3.7219441
2493102,51.0389845,3.731678666185566
7930425,50.9562499,3.6478623
7131287,50.9833731,3.5598950914721774
11753680,51.0367853,3.7129689
6679621,51.037564,3.7490836
6416234,50.9603276,3.5013426
6294186,50.74296975,3.921261480162753
8323931,50.9865765,3.9736531
21055922,51.037104,3.712915525795672
3614874,50.922998,4.060821
14068503,0.0,0.0
4424571,50.8428514,4.0261267
13592629,51.05689495,3.7272298996875
9805903,51.0375286,3.7142189
21330642,51.1228498,4.103182654194371
10837317,51.07544475,4.164788558085864
11920136,51.14208955,3.731591712853107
3847454,50.821552,3.893287791547074
6484787,51.1405645,3.5594167
3819843,50.8686835,3.8139543
12273827,50.9206624,3.8681072
10037978,51.16562905,4.138161823783403
10348057,51.0631047,3.7346157
20159380,51.0587574,3.7243683
2258118,50.9506997,4.10763060300434
10506515,51.06802805,3.686429454456068
1884529,51.03797505,3.7242437201370793
15053459,51.0486145,3.7315388
8307206,51.0147574,4.2019847
9796521,50.99235345,4.138456935071705
3819703,51.0572368,3.7245505
12149437,50.8614436,3.6353113
740704,51.0398148,3.7619963212184846
7987458,51.05496405,3.7211602716582055
4494732,51.1008404,3.9996051
16663787,51.0639777,3.7342022
4784683,51.1004125,4.144589410696864
7158280,0.0,0.0
9607352,51.109053,3.707423055723509
3721604,0.0,0.0
7930391,50.996844,4.100675
10686615,0.0,0.0
3809020,51.0025338,3.8808686
10643310,51.1253144,4.1992652
740632,50.93983665,4.036388053143495
1015011,51.10375045,3.9878327022165694
3614624,50.9829875,3.5272423
4260910,50.7968417,3.771026
12873385,51.0475502,3.7271089
10830257,0.0,0.0
11801077,50.930606350000005,3.643075100000004
3838764,50.978931,3.5301747
3536325,51.1222851,4.209129
11915893,50.94756565,4.0975923596112285
4959577,51.0578418,3.7231218
4354288,50.7742898,3.8871326343136863
3966856,50.8327875,4.0240306
7823794,51.2346742,4.059061215303954
9567377,50.98342665,3.5267621391596675
12962293,0.0,0.0
10174931,51.058257,3.7242471
3651739,50.7718409,3.8832761
10537013,51.13892495,4.069863003545944
7392382,50.9898032,3.448145734440693
12948045,0.0,0.0
7200979,50.7469473,3.5993569
15740257,51.0642068,3.7289539
19903457,0.0,0.0
15231303,50.8037004,3.7643351
2073434,50.9351651,3.5681984
7912391,0.0,0.0
4935618,51.0359143,3.7128787
740757,50.9985783,3.607621391101331
15811969,51.0562141,3.7260126
3629005,50.8547476,3.6553158
3671568,51.05458005,3.6611284736123695
12693905,51.0397697,3.7265944
4727219,50.95986175,4.029519340345148
19601148,51.0545711,3.7178557
3569457,51.0538725,3.7244599
9869041,51.2794335,3.6703744
10020994,51.0620435,3.7272837
3730711,51.0502414,3.7238306333007816
7598275,51.02000235,3.685067343938065
12714070,51.16287845,4.145968704154022
14886830,51.0551301,3.7212206
8663310,51.0233659,4.1013241
16644689,51.09698625,3.499721617230505
7790620,50.9593177,4.057729721533237
842061,51.0551644,3.7195449
740637,50.93671505,4.035292472737945
10250518,51.0512285,3.7251774
9711878,51.26755345,3.5800339000000023
740659,51.0321105,4.1009809
5986741,51.04324515,3.7250136112044983
14972950,0.0,0.0
7211073,51.0032974,3.9819779
13510743,51.0493032,3.7443593
10222077,51.1009361,3.6344090473144273
7992515,51.104824,3.9888833
10838831,51.1639303,4.1394946
21372273,51.05542525,3.721858309625016
9746307,51.053786,3.737858
3835024,50.8425086,3.604484527459016
12477192,51.1042417,4.135246936701581
2078136,51.0135809,3.6451598
12686684,51.1782852,3.5489971
23127069,0.0,0.0
14766969,51.0657845,3.7294001
4149842,51.10013955,3.4280475566715527
10468920,51.1710033,3.8842366
23483956,0.0,0.0
10643135,51.0552838,3.721802240909093
17785172,51.0562858,3.720125119438961
4761233,50.9382641,4.0330176
740657,51.0314893,4.1789447
4718034,0.0,0.0
4340640,51.0292773,3.787522
6982056,51.0486428,3.4637687
11837474,0.0,0.0
740622,50.9413536,4.0366466
4149324,50.8014342,3.6414514
9750196,51.0535518,3.7244581
8835815,51.09779545,4.120062729759936
1011768,51.057071,3.7304321
8708864,51.0375149,3.7097807
20944534,51.1462621,4.0855077
3469865,51.0962306,3.8332116
15058628,0.0,0.0
1179195,51.05586955,3.7204114941963886
6480132,51.0082225,3.905052754041227
23535832,51.09774805,4.136963435411834
17324107,51.2758764,3.6261483
15082455,51.1044337,3.6259832
6583938,50.8350683,4.022586
14784412,51.0478378,3.7214986
17370898,51.0535518,3.7244581
11923159,51.050819,3.7118386605555553
8364489,50.7735028,3.8785956
7619626,0.0,0.0
14128912,51.06915375,3.772406702348993
10154986,51.0389958,3.7164387105700616
20977940,51.0582011,3.7239252
2314756,50.84408,3.603179
14794019,50.90144035,4.003864396428572
4179697,51.0546829,3.7430099
3931236,50.93683865,4.035286288942594
15085479,50.7716374,3.8796966
952283,51.0401843,3.7328238
740746,50.755915900000005,3.60570599050589
5494184,51.0772737,4.0918914
15081495,0.0,0.0
20286153,50.7447543,3.6043621
740731,50.79084765,3.996706978732525
10066475,51.1403515,3.427575214132858
5313707,50.93703055,4.037017513506668
17652484,51.0465816,3.7222035
21312286,51.0529891,3.8209676
9740598,51.0368,3.741954
949635,50.8228701,3.5812564
779346,51.0496922,3.7307227
7792388,51.0862566,3.4483213
20069067,50.9677236,3.8247776714099313
17741559,50.8338002,4.0187296
7252064,51.0148998,4.1145081
10119758,51.05584755,3.722213283039221
17600372,51.054674950000006,3.719694322886592
2445112,50.9131742,4.031065141549247
5871154,51.0438307,3.72422807988764
3258163,50.937662450000005,4.034754187149829
14205037,51.1857364,3.5590313
6704558,0.0,0.0
694642,51.1605344,4.150798994457261
16959187,51.2797327,3.6260755
8781768,51.122793,4.099698636080338
23556566,0.0,0.0
9466850,51.04814255,3.728614514849074
13543913,51.0408766,3.754368010690343
12315982,51.17872575,4.313032603815191
16753941,0.0,0.0
18543205,51.1039113,3.9882405622559656
16882674,50.8700725,3.6228911
7200320,51.1648518,4.142679
12502570,0.0,0.0
19833735,51.0583838,3.7241286
19505816,50.84999015,3.5982884899147782
4298874,50.9416518,3.666010750000002
7359568,0.0,0.0
7234563,50.8495311,3.5988964011936604
13816568,51.246006050000005,3.6009801144470948
3613711,51.13010585,3.9789364014253774
12186480,51.0370599,4.1029353
10475007,50.9947561,3.878521
17150135,0.0,0.0
7938886,0.0,0.0
15479229,50.8759012,3.8149192
10730255,0.0,0.0
809864,51.0556356,3.7204839
5036942,51.1015704,4.148693587819111
4794267,51.1234005,4.21592288310153
3192633,51.0282782,3.726377666847239
19487616,51.0455459,3.7475684
21370052,51.123259450000006,4.218915564940231
13273498,51.1645339,4.1427212
5960863,51.02931395,3.852209499999998
12874313,0.0,0.0
10532531,51.0979046,4.137006125536788
14107034,51.0189964,4.111134851591453
17313878,0.0,0.0
23931276,50.9022386,4.0475637
9790036,51.1532639,3.6145715
13327497,51.0530734,3.7216799
12150511,0.0,0.0
6417916,51.05915415,3.7251675820299535
8734767,50.93611485,3.9618793228242577
9981942,50.7715133,3.869182610883279
16852869,0.0,0.0
9750028,51.0517748,3.719832
11895950,51.066026,3.6891445
23696876,50.9382557,4.039900605418551
2178026,51.0618303,3.7536234
12357227,51.0495923,3.7211571
1179211,51.0496724,3.734054
8774354,50.8919963,3.9491884
6878696,51.0301384,3.7229196
7203606,51.1422277,4.079429
8014855,51.16253935,4.13924438949891
24036802,50.919273,3.6161127
805443,51.049587900000006,4.05851100559204
14108384,51.0001662,3.7477565
3864640,50.94461145,3.683439604288744
23697215,51.0573055,3.7278005
7931945,51.165608000000006,4.138283498452299
7223036,51.0279275,3.7138429
12344118,51.0070457,3.884682
3859602,50.9753271,4.043193384323462
8737137,0.0,0.0
17593257,51.0606421,4.055889
11920551,51.2040782,3.488066
3605165,51.0524452,3.7250449
10039705,0.0,0.0
11960932,51.10064555,4.139552898061133
7989928,0.0,0.0
10053317,51.04256585,3.7258780090545702
13875701,50.9589228,3.7383045
4310391,50.8033348,3.676131169388973
740752,50.7457259,3.603618143623053
18915522,51.1848455,3.5648757
21387527,51.04485935,3.7218665987359087
10085939,51.0103222,4.096806
12504055,50.9662055,3.9427468
10495122,51.0143776,3.8745187
13495544,50.8618374,3.766009602838064
15007602,50.7473198,3.6012988
8446758,50.9354963,4.127328105371827
13986240,50.891358,3.8306796
7927470,51.004525650000005,3.715092657570972
13307696,50.7481986,3.5992302
740738,50.8428514,4.0261267
4697177,51.16678975,4.141537791936155
10687420,51.0411736,3.742148
8674461,51.05941205,3.722306972075267
13148739,51.057096,3.7331828
10049165,51.05649625,3.7207834396879
12908314,0.0,0.0
3672848,0.0,0.0
7372155,50.9997133,3.548774524075324
12097400,50.9292757,3.6598488
23263542,51.054597,3.7231567171294606
3603000,51.0312223,4.098569
4328750,51.0517255,3.7203476
11805322,50.8709114,4.0182111
12064740,50.98418085,3.5264405636558505
12269871,50.9097827,3.4269507
5607400,51.1745704,3.9682863
12849849,50.9379726,4.0329746
11627452,50.8551304,3.8569802
12272003,0.0,0.0
21816822,51.010137,3.8397965
8090680,0.0,0.0
2468630,51.0914088,3.9643999
3217956,50.9838727,3.5272604
8621851,51.0544373,3.7262856
17454946,51.1392056,3.4121275
12183136,51.05702185,3.730366782827761
13523455,51.0413778,3.7255693
13980171,51.2251,4.1173828
19092451,50.9620305,3.9527815
5962032,51.0607928,3.726031212588614
7361710,51.1680478,4.1473419
740747,50.7542006,3.5885764
7650626,50.8979631,3.6179539639153138
4177292,51.0267431,4.2180381
17473675,51.26048,4.146317
4695045,51.1834614,3.527961513161351
9811130,51.0569149,3.7273291
3192843,50.7455829,3.5948803
12333702,51.0412403,3.7539533
7068595,50.984216,3.5319496
10528539,0.0,0.0
2161340,50.88959115,3.575656765337543
12908332,50.8323849,4.0140023
7130825,50.89197505,4.073111653125
2338742,51.0543311,3.7225953
1495275,51.0551301,3.7212206
12872036,51.2929313,4.1726631
7053160,51.097621,4.1318331
7215475,51.1614703,4.1423254
4418484,0.0,0.0
18943186,51.0435024,3.7248922
7215864,51.040708,3.7093215
8048974,50.9819397,3.8498334
11848999,51.0473653,3.733980792296548
4149144,51.1761397,4.1913871
23870872,51.0545939,3.723243775418571
7267820,51.1088063,3.708395213837931
3905434,51.0206801,3.7737615
3588916,51.1552423,3.5973026
1056371,51.19056455,4.207507893416928
12335428,50.93954845,4.033843560262143
2192701,0.0,0.0
17375243,50.92280535,3.969175899358024
1911095,50.9388512,4.039992627892012
12556289,51.1426061,3.956006346810061
19259643,51.110166,3.695602892073791
5608772,51.03989425,3.7165691630286415
814601,0.0,0.0
858297,51.0497242,3.7212675
16194129,51.1532639,3.6145715
7046034,50.8837279,3.7146202
12833421,0.0,0.0
12190648,51.0944144,3.4794212
10192203,0.0,0.0
7332403,51.163188,4.1415837
3628347,50.8428514,4.0261267
14979838,51.0539764,3.7728248
6019905,51.05703075,3.457707705510741
12548542,51.0414592,3.7255488
1052118,51.0496552,3.7342811
12237345,50.9355874,4.039094047135581
3443862,50.8374143,4.0217496
3836749,50.98221135,3.554760798164125
2653554,50.84523125,4.029471849999991
7904909,50.8710934,3.8353228
11843534,51.0899212,3.6538793
4441849,51.0092581,3.6337604
6868884,51.0567909,3.721975
12909000,50.843152,3.605400548742672
6900498,50.74441,3.6005799
7707931,50.9671584,3.976821072625629
12988488,0.0,0.0
3192835,50.76602815,3.6489021177131247
9783443,51.047518,3.7218414
10769097,51.0505997,4.133391
10492535,0.0,0.0
24003747,50.8759012,3.8149192
6104438,50.9982098,4.1305235
3483967,51.0481126,3.9774805
7719967,51.0046161,3.9714067
10761264,50.8654187,3.47599153285124
12580048,51.018941,4.111032467853335
8073154,51.04227875,3.719056854722922
8311119,51.0631081,3.735771312127988
740676,51.0523757,3.7273165
10529769,51.0757465,4.0947661
12717120,51.2137786,4.2593104
21247866,50.8019082,3.5923419
740617,50.933148900000006,4.05553074067298
21256420,50.8468502,3.6106838
13548163,51.0436818,3.7260037
16734458,51.1862858,3.623949030365801
2433430,51.0610246,3.7259578999999983
3592524,50.882469,3.627028
4610988,50.9858825,3.6816327412738543
740713,51.1044176,3.9912318
10791413,0.0,0.0
17747033,51.1665661,4.141421111329233
10505182,51.0462389,3.7219965
7080935,51.040056,3.8013122
13432522,50.93735515,4.038732708521657
9564870,51.2266199,3.754616875232559
19866111,51.0577619,3.7238044
5496430,50.8468502,3.6106838
12523932,50.9836644,3.8444024
13006284,50.822758,3.898335895581236
10374319,0.0,0.0
4993603,50.8888307,3.8101791
8487516,51.0798217,3.4500183
808958,51.0511612,3.729245
7832084,51.1499027,3.4488713
17747982,51.0501219,3.7168563
13949714,51.2139228,4.2541915
15190618,51.0260541,4.2170794
17572185,50.9813945,3.5500284851999413
6686915,51.20657775,4.077622840232076
8711453,51.0145951,3.642947496529162
21264620,51.0549368,3.724084232178512
10027323,51.10925085,3.808727777061675
11741422,51.1152656,4.0093672
12725361,0.0,0.0
8705641,51.002524,3.8874097
4609330,51.1044337,3.6259832
23227312,51.2261384,4.2672543
1150370,51.037218,3.7396649
10636522,51.0351637,3.7165101
12212644,51.1636758,4.139715261194688
14955210,50.81163985,3.823044117796555
17334810,50.9367582,4.0361305
24188034,51.0594314,3.7244292
7047279,51.00332475,3.5846531897665765
12342493,50.9918338,3.7988714
7226627,51.1651065,4.1431821
11768950,51.17022845,3.860524445194402
7823806,51.1991402,4.1044773
8123550,51.0505551,3.7299962
23754871,51.0585048,3.7244742
23444367,50.8438148,3.6047433963565862
14210535,51.05311215,3.722939205817046
6403926,50.8040718,3.7660089
7175640,51.037901,3.7474201
7215470,51.0564448,3.7255867
19923333,51.0937821,4.145314109448819
4153981,51.1222851,4.209129
4412522,51.1532639,3.6145715
7053709,51.0017759,4.1391339
13146602,51.0560226,3.7978297
15683702,50.8343568,4.0107759
9554514,50.9454052,3.968764
17700848,0.0,0.0
8757036,51.0387386,3.7265504412894863
12619082,51.0568936,3.7321484
4932228,50.9238167,3.4470247
5448246,50.8518309,3.5938885
19127404,51.0479866,3.7272675
24082286,51.0086863,3.755099
10304892,51.0394173,3.7260192
4223998,51.0580701,3.7426794
13558601,51.1235924,4.2166955
12559311,50.97877885,3.9750438723049255
7708795,51.0539697,3.730622152080572
8671201,50.87263,3.8323388
10539654,51.0724536,3.679847461672884
8417021,0.0,0.0
23942341,50.891358,3.8306796
23799930,0.0,0.0
8514677,50.9411253,4.0375597532490985
13126940,0.0,0.0
3369468,51.0851442,3.4477349950310554
21516340,51.2089165,3.3966202
8375206,51.2072581,3.446553250765599
1860589,51.0312223,4.098569
10124313,50.9384184,4.039925976436116
6953024,51.0555239,3.7211517
7967303,51.0394426,3.62647
17689154,51.051134,3.725561841891893
14965672,50.9404541,4.033450535865635
15022738,51.115287,4.0159477
11886674,50.8700024,3.8102964
10782112,50.814305450000006,3.820076450524069
8539822,50.9197139,3.5671622
23388865,51.04606435,3.7034774576792246
10082051,51.1507472,3.94898178964473
15202348,51.0657736,3.7319684
10182693,51.0572372,3.7305167
12524192,51.04256585,3.7258780090545702
10754273,50.8360788,4.0219089
11844842,50.9010561,4.0565096
6912418,51.0522996,3.7227905
8842449,51.09990925,4.115012249526136
12353374,50.9294975,3.8763809
3838320,51.0082312,3.6280878
5871045,51.045883,3.7141478
13883047,51.0386963,3.7102807
3932103,50.8492936,3.6012583
8630644,51.1832699,3.7460117
7383339,50.9393438,4.0349458
17442537,51.04324515,3.7250136112044983
8825662,51.0489397,3.7473786
21143724,50.8427939,3.6082761
740626,50.9264081,4.119556354717918
12586181,50.9799313,4.0811923
3905100,51.2032679,3.625376973924853
7791237,50.98382865,3.5623282374461507
19452262,51.1859795,3.6473775
17562278,50.8274657,3.9171145
21258907,50.94344005000001,4.047735032195256
9766724,51.2089905,3.4470783
16864750,51.0287935,3.8510916
13169463,50.8455996,3.6023045895268035
15144776,51.2058012,3.443918673189829
740692,51.0572469,3.729336829799061
8659048,51.24637965,4.12546608729538
23859642,50.868069,3.6475391
4590161,0.0,0.0
4971969,51.181628700000005,3.745501241700003
19049123,50.93278235,4.0485799112404965
17945700,0.0,0.0
9721884,51.1251159,4.0350334
7714047,50.84408,3.603179
1536347,51.05462905,3.722361376782442
12918638,50.920033,4.0579311
15010341,50.9767989,3.471886781896737
3618776,0.0,0.0
12147678,51.11036465,3.972159059712192
21053410,50.9386508,4.0326383
23168089,51.00227595,3.882970338435108
2456410,50.9875939,3.5391139
19030696,51.058231,3.7239616
7253996,50.937863500000006,4.03698021633961
13424815,51.0247923,3.7093609
21288464,50.8959573,3.604326
11670911,50.8724062,3.8107486
7077009,51.054920800000005,3.721418570896457
4182980,51.0569695,3.7274134
10802871,50.9797154,3.53299326219489
5971147,51.13128855,3.4866805610764398
10110056,51.1834681,3.5681032
740609,50.9211273,4.066035827699015
17571005,51.01303205,3.707984910438729
13274322,51.2920457,4.1738094407647655
15676213,51.1714049,4.1456661
23614954,0.0,0.0
17510925,51.0837301,3.4487223
7247342,51.0526213,3.6623435
10226689,51.01201345,4.116364760628464
12846043,50.84137065,3.999196345331949
8808520,51.1932609,3.565397146362434
7215747,51.1051242,4.164168284961477
4213816,51.0061334,3.7513094
11794465,51.1277571,3.6790419
12357863,51.2003284,3.811167
23577268,51.18522505,3.6177726834764
7213896,50.9923065,4.1335538
13117851,51.1442458,3.8165777
12390424,0.0,0.0
4087684,51.0744213,3.685706709365303
740765,51.020930750000005,3.638922802810032
12702146,50.7623909,3.829119077698854
8778736,51.1184589,3.558586048310811
10365542,51.0900346,3.7096542
3971407,51.056393150000005,3.720896186717665
6773411,51.129624,4.2587834
14990372,51.1265586,4.2140916
10353026,51.1038742,3.989907
2477661,51.16400015,4.139070017077483
15330373,0.0,0.0
22966903,0.0,0.0
16775176,51.1197727,4.196382240660636
10743724,51.02674865,3.7206680297541097
4581692,51.1654943,4.13760241545593
15315877,50.93921965,4.041275379959427
11657754,51.0047404,4.133405
740678,51.0598259,3.72512
16864947,51.0031599,3.7993553
15322888,51.03141445,4.0981315528435545
12490994,51.0618582,3.6969779
969772,50.9399706,4.034288336715135
8809196,51.0608081,3.7017421
16743579,50.8374564,3.684598
19030528,51.0521237,3.7257127
20887170,50.8505974,3.5617506622213395
11876524,51.053555,3.7228482123897617
1134457,51.1147834,3.9466336004262574
6985607,51.0401405,3.71745307531447
15123730,50.9415555,4.0544338
8681434,51.0569313,3.729426009945773
6437734,50.9957302,3.7453709
4881562,0.0,0.0
15290711,51.0061334,3.7513094
15856158,50.9388437,4.0333738
8320398,50.7727623,3.8820876
740782,51.163447,4.142082306023554
5223371,0.0,0.0
7893775,50.80135645,3.675679256002008
11984901,51.02861095,4.101149750719224
7927503,50.9370739,4.037271499295966
6164308,51.037564,3.7490836
19254184,0.0,0.0
12338716,51.0660997,3.7334121
13847543,51.08453295,3.5706506922924324
3864777,51.05553975,3.726691590373069
10193973,50.84161665,3.5850982618632745
23556204,0.0,0.0
7953692,51.1044337,3.6259832
7356848,51.1532639,3.6145715
13281001,51.1546119,3.5984032
23897569,51.0567714,3.7198567
9860603,51.1295097,3.485492
24038670,51.0568407,3.7348756
10622693,51.0501416,3.7164333
12877318,50.8674678,3.811681
8007705,0.0,0.0
19383824,50.9721173,3.7983594
21350210,51.2251,4.1173828
12659069,51.3132498,4.2655542
21034465,51.0098265,3.7917231
16759357,51.0608902,3.7478941
12965744,51.0409383,3.7254031
787154,50.9976976,3.6070958
11693467,51.0837363,3.7938724
12265725,51.0675663,3.730060778684626
11890483,51.0475659,3.739394
22981952,50.8716225,3.8117826
19255255,51.2253682,4.2668698
23897260,51.047218150000006,3.72205578981228
3726442,50.7963711,3.8988226265130352
740652,51.0048418,4.011385354859506
10756724,51.0037353,3.882039
11701736,51.067894,3.4305889
10801684,50.93472295,4.04310390910593
11038873,0.0,0.0
14018859,51.0547874,3.7297322
6686877,51.0198989,3.6672897
5482023,50.8360788,4.0219089
12609928,50.8382247,3.6771858
13190452,0.0,0.0
12278888,51.0607339,3.7335699708420167
23838929,50.9363085,3.6305932
14952067,51.0133658,3.9288105392994632
14936967,50.93801895,4.039338536701777
17668905,51.02328105,3.698078796193332
15602886,50.9408001,4.038805865957445
17806126,50.9879543,3.6425348
7702777,0.0,0.0
740644,51.0148998,4.1145081
10468851,51.05528465,3.721555591213676
14047411,51.0588607,3.7273058089805775
23313696,51.0436237,3.7209497
7261390,50.95246715,4.102672392614165
15117678,51.1067474,3.9865889242940185
8803168,51.2003284,3.811167
3931263,51.14646525,4.1121921816613884
10071795,50.98227935,3.528465927990415
7077340,0.0,0.0
11933774,51.048741,3.7303835
12861494,51.0467578,3.7145892118454498
17371022,0.0,0.0
11916058,51.2073461,4.04292036526048
23306006,50.869252,3.8103878
3589154,0.0,0.0
23759122,50.8366962,4.0206766
23749660,51.09714565,4.128223006591164
2666844,50.8990911,3.8208507
23702701,50.83516345,4.02493576667842
7258900,51.0483713,4.0609608
21293720,51.0595116,3.7509756
21139143,51.0455254,4.0502576
21343255,0.0,0.0
23693058,0.0,0.0
2254545,51.02541185,4.002577807713796
10478240,51.1294542,3.646441954447232
7193365,51.1470896,3.959242
7331907,51.2233264,4.2557055
8025180,51.1515022,3.948418
17862886,51.1105518,3.7058236470602255
13337744,0.0,0.0
23417722,51.2542523,4.1895041
6782142,50.8715642,3.8110234
8745290,51.1042186,3.9924860233698594
1089825,51.0486774,3.7269775
4149501,51.0475329,4.128571
8524675,0.0,0.0
10428977,51.0586719,3.727573229619373
21319217,51.04390445,3.744513378110881
4513468,51.040446,3.6924629
10056039,51.2628929,4.2860368
19259635,51.0312918,4.1025769
12613311,51.1992599,3.8128584
10497337,51.0552143,3.712222203922276
12701622,51.03611175,3.9173489651797375
21270225,51.1023375,3.8565311192101017
12949994,51.0282024,3.8401155
1307816,50.7571304,3.869857800592504
17689296,51.16386675,4.142843347988755
19262450,51.11500465,4.138047930744676
15829599,51.0376078,3.7421693
12606150,51.1622784,4.3060425
15204201,51.0690992,4.0375299
23999120,50.966592,3.977624965466267
12290931,50.84395415,3.604372696693145
12929300,50.9299072,3.6558581
6873746,0.0,0.0
9741687,51.0507816,3.729691
3174944,51.051389150000006,3.716454186612156
7617941,51.1634593,4.1401205
12850619,50.8357784,4.0086454
14972022,51.0521352,3.7228078
4722991,50.8266413,3.686088925245019
3672115,50.8836336,3.8929932
20241845,51.20771895,4.038858773334796
14188016,51.2045882,3.4882818
7823799,51.205249050000006,4.039569508569523
15662533,0.0,0.0
23826538,51.1857364,3.5590313
15583487,50.9380219,4.040061373812044
15057505,51.06041325,3.710199225076355
15246427,50.93897975,4.041976706378321
12952061,51.1994882,3.8607853
11645221,51.208609,3.4487636
12354305,50.8894685,3.8102107
10720055,50.79626775,3.889358191985927
20053800,51.2126061,4.255393
21248964,51.17635,4.182663554710663
5038094,50.8513634,3.5955691
11799749,51.004857,3.7483906
10631925,51.04693555,3.9813446708654654
16740272,51.1616017,4.1403422
12311577,51.1154683,4.10087248815875
7656284,51.0560226,3.7978297
10779755,51.0572791,3.7415375
740655,51.0034799,4.0315289
23483752,51.0206598,3.6391316795969706
18190604,51.2139228,4.2541915
21081598,50.820635800000005,3.716817669488998
11931492,0.0,0.0
12448074,51.2098708,3.4480883
21400889,0.0,0.0
11843927,51.2268748,3.7519361907225406
12438137,50.868456,3.8092558
12918805,50.7425626,3.6018028
6920678,51.0477548,3.7269992
18716315,50.9051408,3.5284604
11906366,51.0997084,4.1324504
13552116,50.8911327,4.0791717
10325618,50.9850841,3.5256954804083867
15701363,51.1018032,3.9876947657172033
17416327,0.0,0.0
10814436,50.8802494,3.3590961385132694
10677434,51.0475329,4.128571
21244835,51.0595128,3.7185744
12501250,50.9376593,4.029475249591012
14098994,51.0561662,3.7258365
12007215,51.00867995,3.63171405576497
7252065,51.0324614,4.106895
7931670,51.089093250000005,3.807170392928636
12453023,51.0365727,3.9180788
14098806,51.056364,3.7260911
7259380,51.20604535,4.075984589825411
10632884,51.0802588,3.6769306
12120296,0.0,0.0
12993950,50.97813549999999,3.528825741870574
1179021,51.05833735,3.7239897946742966
1895959,0.0,0.0
7028311,0.0,0.0
12822520,51.12458765,4.214668833388158
12872507,51.1027636,4.032316187740774
8396043,51.0498282,3.9750195
8802883,50.8446406,3.9959893
10200967,51.253694,4.1447785699085
21022432,50.969162,4.006347613296963
20258858,51.0521352,3.7228078
8708694,51.019303,3.7698381934993086
14963592,51.0396043,3.7446777
2019929,51.0047097,3.7605764
12695000,51.2381984,3.5226127
11793297,51.0963203,3.832629
12371933,0.0,0.0
10664337,50.96421805,3.976048552490688
19113178,51.257615,3.716949
3174943,51.0589944,3.701189
3609724,50.9566699,3.6415525
13373058,51.2096408,4.2492593
14960290,51.0494836,3.7298482
20317642,0.0,0.0
7230271,50.8800636,3.734407438949829
17216154,0.0,0.0
23775832,51.1471725,4.2988779
23853738,50.84427935,3.6032860688995214
10134504,50.92774,4.0353820764961394
16755980,0.0,0.0
12333288,51.09853215,4.1354308488865525
10765564,51.1674965,4.1420048
3981515,51.09104775,3.6521686354440375
12132614,50.7616992,3.8663346
1179028,51.0550493,3.721618596245285
8658669,50.79480775,3.99361528552895
10554019,50.96512125,3.977087047920696
24887062,51.0843612,3.7589438
23737674,51.0549368,3.724084232178512
5036266,51.04220575,4.103702251474589
1315096,51.0327081,4.1078849
24155732,51.1857364,3.5590313
8046790,51.1981699,3.8124639
24141790,50.84295765,3.6035813162199055
13547094,51.03998285,3.753919735951155
23773864,0.0,0.0
740597,50.9384728,4.032647685606061
23423016,51.04105665,3.9836984785001945
8605618,51.2554613,4.2479873
13997483,50.97886725,3.530777936479592
13963876,51.1497552,4.131720081835816
10461721,51.0487945,3.976360193978872
23826591,51.1693769,3.8584529
23709560,51.0484281,3.732137701019561
23954909,51.0197881,3.6394018525073744
23728263,51.0546564,3.7219150314578
7107982,51.1527408,4.141416787636323
24017907,50.889665050000005,3.575274666057943
13437789,51.10702195,3.9871527739710415
23373071,51.0246332,3.74415286843276
7989371,51.0465489,3.7145422
23458873,51.0189973,3.7541233
8786319,50.9323158,4.0309159
23695794,51.21905705,4.113253549276456
9456207,0.0,0.0
12024521,51.0891333,3.8081015
15202542,51.2003284,3.811167
17384005,50.8689457,3.8107088
7283011,51.0327081,4.1078849
9787915,51.1933334,4.180675789826218
7258933,51.2198929,4.1978878
17849911,50.9264018,4.0521166
23600474,0.0,0.0
7315774,51.1006922,4.139810135801051
12284224,50.9796332,3.5325113
8736381,50.8032665,3.7630723
13840257,51.0487724,3.727349960014898
1135519,51.0306969,3.7132297
13338216,50.8111924,3.8225597
23255259,51.0594852,3.7383906
21338770,50.920819,3.8540081
15235703,0.0,0.0
20062718,51.0998125,3.763944
23684010,51.04649875,3.722476105957169
3626683,51.12160595,4.0820025655239975
21238397,51.11230065,4.003938590514181
13392559,0.0,0.0
9781997,50.93870725,4.0396847800360565
21245056,51.0370143,3.7411132
19620369,51.0534851,3.721119036123683
10060973,51.0568574,3.7423696
23995968,51.054784,3.715147529390401
14821335,0.0,0.0
12763466,51.17837985,3.74624907382742
8363133,50.9774723,3.5285202
11938246,51.15540275,4.154068933491343
23496166,51.1702184,4.3146258
10785391,51.17326985,4.140611321874157
4106755,51.0567697,3.7341267
10469486,51.31078415,4.265726394052282
17654629,51.0572372,3.7305167
4662791,51.0085657,3.8594168
17348517,51.1256628,3.9799609
14042781,51.0529027,3.9783409
7285725,50.8415737,3.8285692
23438733,0.0,0.0
10794132,0.0,0.0
7970675,51.1130335,3.9902093
21206479,51.07523425,3.62955923272155
7303653,51.1226295,4.0300257
15152365,50.9434034,3.987295665011299
7989291,51.12379545,4.114989570118524
805447,51.0207691,4.1127364
21169624,50.95111145,3.433130742926874
8734782,50.7476114,3.602146194286594
15007795,50.8363828,4.0257153
15045982,0.0,0.0
3760376,50.7524249,3.9165918429552495
15033986,51.0304871,4.101033
13482585,51.0227213,4.1054901
20961596,51.0537031,3.6982484
12790309,51.0633641,4.1533778
21288367,50.772092150000006,3.8754059004522734
19827718,51.0563688,3.7217462044256
14184421,51.1863134,3.5621174
10452975,50.9945538,4.1360425
8680422,51.15326385,4.153538218494281
10815677,51.0550254,3.7221805
7077988,50.8438148,3.6047433963565862
12178977,50.966592,3.977624965466267
17659553,51.1180203,3.5600453
10299899,50.9426652,4.0353931
4584797,50.7723362,3.8799558
18191247,51.1035051,3.9792095
19830148,51.0387755,3.730756
7252144,51.1235288,4.2161308
19964335,51.13441195,3.721494009901207
4752970,51.0299962,3.7231501
3812019,51.0336034,3.8282267
24886546,51.0647269,3.7525802
12111075,0.0,0.0
3819711,51.0869019,3.7057951736734687
10442887,50.932511700000006,4.083645852814658
10777823,51.04344525,3.7244724575
23938101,50.8442973,3.602608335927697
23842527,0.0,0.0
10166831,51.0182059,4.0658604
8483988,50.9473413,4.096255554248785
15659764,51.1299558,3.4854814
24130884,51.058227,3.7053466
19243387,51.0453378,3.938994
11923921,51.06189785,3.7274419179331
3958764,51.0472023,3.9759777418830575
10026570,50.98395455,3.526627501246727
17844439,50.77140545,3.876238902151565
17332017,50.777285,3.87346059932246
17342239,50.8157006,3.7525106
12087362,51.03945155,3.716231090559762
17332769,50.8452038,3.6028758
13494998,0.0,0.0
21384137,51.2192002,4.03618312758155
23846284,50.9744637,3.4705335
13087507,50.7570778,3.6583891
17836652,50.7718478,3.8824308
4177274,51.0517748,3.719832
14051083,51.0505612,3.725189335557192
16694435,51.00895465,3.4781309440394645
19006650,50.9134728,3.959683717089842
10208330,51.1567281,4.145021515609951
8664472,50.9379616,4.0318253
21092193,51.1935965,4.0967776
740717,51.10289985,3.998175518075589
3859757,50.9531611,3.7293307
17601356,50.9597347,3.4854724
11795734,51.1407873,3.675385903053608
13121346,50.8425552,3.6638165
13237915,51.2059185,3.4551813
5102979,51.0892826,3.808547
10106461,51.17030525,4.14236367045455
21238632,51.0691746,3.797454201658402
8486955,51.109494350000006,3.808473410592253
10762963,51.0635647,3.575173933007944
19720844,51.1171893,4.0094483
10629544,50.7955253,3.6389758
17767534,50.95298135,4.042157253003004
13473197,51.0620435,3.7272837
11908487,50.8188719,3.7343122
7823802,51.15326385,4.153538218494281
1223252,50.8258444,4.0262106
10726700,50.9827547,3.5656846321514983
7214668,51.16515805,4.141169883373379
21357695,50.9826535,3.5266402
4097420,51.2142344,4.2554663
17728370,51.0529795,3.727160880673144
17479593,51.10547635,3.926184787106931
10326476,0.0,0.0
7344709,0.0,0.0
11897218,51.0375629,3.741296
23566823,50.869711,3.8106354
17781826,50.8933873,4.0404109
23289138,51.1874878,3.5666341
11906328,51.1817861,3.5735685
20906911,51.0198879,3.7698256
20162222,0.0,0.0
8447870,51.17184355,4.208431891964287
12553247,51.1302739,4.230005
11814347,51.0283003,3.7223767
8779963,50.83440545,4.023246201704547
23395176,51.0287802,4.101357617738589
8500901,51.04731,3.9587028
14210711,51.0649777,3.734457
8540951,51.05553,3.7211034
14064829,51.147251,4.178475502158821
19816402,51.10394765,3.988386221472029
18929832,51.1754579,4.2223039
12394013,0.0,0.0
4734624,0.0,0.0
21257877,50.747864750000005,3.6014484232724007
3635871,50.87220845,3.911360532743162
10539094,51.0012749,3.8907021
21375320,0.0,0.0
7897874,51.1003889,3.848328033123965
3704571,50.8466558,3.975156159268975
10520231,50.8362925,4.0156215
13495004,0.0,0.0
13383349,50.868456,3.8092558
15091951,51.0189973,3.7541233
14002368,0.0,0.0
13799895,50.9390454,4.033934119450944
12324095,0.0,0.0
12863120,51.06815105,3.7283214016499633
17340776,50.8363071,4.0250146
15605130,51.0497242,3.7212675
12132297,51.0728964,3.7764108
15028575,51.05901575,3.726359024833112
21302707,51.0331521,4.1728141
10472536,51.13945565,4.07105085182414
5496423,50.9196618,3.5668275
10629980,51.0927141,3.6443574
12859897,50.965169,3.7875427
7289129,51.105488,4.1639870357885975
12315074,51.0947529,4.142740744371723
4371500,0.0,0.0
10635459,51.054543550000005,3.72333715996494
7726497,51.0560491,3.7986041
7788127,51.1519047,3.948445125595884
15657325,0.0,0.0
3607440,50.9838108,3.5272791
10721864,51.1616017,4.1403422
14080259,50.90498785,3.892869971383615
7346880,50.99980495,4.124961223719677
9763329,50.8882224,4.0767876
6385539,50.98551715,3.681718836750053
12947690,0.0,0.0
8179562,51.1192805,3.5644823
1785636,51.05252785,3.71583993012295
20316995,51.2149011,3.9225723
12934536,51.018472900000006,3.957219375180887
6583939,50.8350683,4.022586
12672037,51.09594745,3.6084761844449567
17441284,50.8329698,3.7969852
8430556,51.0454297,3.7230507
21228603,51.2306518,3.748589714937312
3589436,51.052799,3.719694
13138573,50.93819635,4.040558419804041
12682433,50.9414928,4.0373681
11800890,51.1784945,3.7468955
18313779,51.1005276,4.1331599
12922967,51.0560226,3.7978297
17594305,51.0952815,4.129901836585367
18915524,51.1831533,3.5691226
17729720,51.11153705,3.9831257558539055
15235206,50.9292757,3.6598488
18532368,51.01646825,3.7370436420081976
7674728,51.05501805,3.721554216085698
21210374,0.0,0.0
12430676,51.047218150000006,3.72205578981228
10622749,51.0498352,3.7264379
12936693,50.9377563,4.028304744415623
15075221,51.0358856,3.7436959
24039074,50.8849743,3.6928278
11711267,50.8625681,3.402797268873094
18455497,51.0620435,3.7272837
3842467,51.03032905,3.704650386252944
8655441,0.0,0.0
12006874,51.0523633,4.106874
10076967,51.1417898,4.0639196
24889503,51.047732550000006,3.721397309470024
17725897,0.0,0.0
24117009,51.0534851,3.721119036123683
21160069,51.0327782,3.549446
10106457,51.17054795,4.144009416568561
24433124,51.2417954,3.5250784
23796879,50.9392958,4.040719935196295
18190900,51.0865651,3.803226
23893316,50.9384138,4.040500561308412
12152537,51.22680785,3.7507344928818207
23216921,50.954997,3.4940874
16788059,51.0883053,3.4478276
21281254,51.0600565,3.7302631
23134147,50.91429255,3.921077758006128
8495013,51.1142039,4.124542801194173
15698609,51.00304525,3.7147546409698986
2294531,51.058388050000005,3.72383149675668
23604111,50.82419945,3.68915175636262
784376,51.0415487,3.6945205
23397296,50.9865561,3.5253932725501125
21168150,51.052225,3.7198759
21207944,51.0567348,3.7212111377358488
24000049,0.0,0.0
12171786,50.9419993,4.054226038912979
23468761,50.8348153,4.0232505
23963569,50.907757,3.8528083938992
23966240,0.0,0.0
4004061,50.9854552,3.567767
10259456,51.21219305,3.571558825404136
17690428,51.1007936,3.7141213
14809868,50.777285,3.87346059932246
23751698,51.04868515,3.7317630156782826
23879518,51.1918403,3.551142
23873447,51.0367947,3.7420272
23744059,51.0589622,3.727046787413653
23824474,51.16565235,4.136512297490273
11968014,51.0055589,3.8842817
8408317,51.0570764,4.013612561034564
15007161,51.0061334,3.7513094
2526094,51.2756065,3.6258209
23445234,51.0006175,3.7200664
11797620,51.1325585,3.680272927208078
3823051,50.7703795,3.8738334
10632279,0.0,0.0
23755898,51.0553912,3.73810660839355
2629836,0.0,0.0
20977975,50.82419945,3.68915175636262
17795580,50.9449377,3.7439659
21349450,51.017566,3.69538698704484
23521887,51.06052985,3.725099599048036
13389023,51.053038650000005,3.722963773161114
8289551,51.03754655,3.71093028247594
23630134,51.0233659,4.1013241
12690118,50.95641825,3.77959645605421
19268652,51.0505186,3.7274867
12319113,51.05799925,3.7418970025397407
13154727,50.957999,3.903679557326066
18455633,50.8349544,4.024541064220981
23646360,51.0067387,3.750385
7141012,0.0,0.0
12951028,51.0660997,3.7334121
1185105,0.0,0.0
12898106,0.0,0.0
5500931,0.0,0.0
23525167,51.0837301,3.4487223
23163644,51.0560393,3.7277952
23405208,51.0268864,3.7098349
19927115,51.0382615,3.726596550995224
10765811,0.0,0.0
14152936,51.16795585,4.145082780443235
8380877,51.15326385,4.153538218494281
11815784,50.7839126,3.7994037
16825066,51.16479025,4.141928565332168
13800610,50.7729632,3.876387
21340183,51.1044337,3.6259832
7823800,51.1767169,4.141716
4662685,51.01741205,3.669890119176978
811580,51.04604145,3.722219175573872
17804969,50.828903,4.0392895
12213556,50.8323849,4.0140023
1179026,0.0,0.0
4567627,51.0649777,3.734457
10256618,51.09902925,3.770065017209882
21508310,51.05156075,3.719333492307692
17605863,50.7443221,3.5863338
12884041,50.9190078,3.936334186903003
21270085,0.0,0.0
3954887,51.05650335,3.7215853479307768
11797609,51.13256905,3.679749118469388
19270030,51.0442709,3.7526646
21300995,50.7481986,3.5992302
20928468,50.85525825,3.8136679316035744
21256157,51.16741355,4.147552425192964
12880145,51.1550006,3.8943672
13163505,50.92167044999999,4.064144667213215
13570546,51.0589944,3.701189
19945564,51.0513637,3.7196792
17838142,0.0,0.0
8525442,0.0,0.0
11806847,0.0,0.0
3388784,51.0634126,3.6877688
19161486,50.9419993,4.054226038912979
20373100,51.0841162,3.44930719224882
12549504,51.1499027,3.4488713
6717342,51.10925085,3.808727777061675
19104369,50.8175577,3.6231901
20105131,50.7455829,3.5948803
23536431,51.0454386,3.72174483155323
17323507,0.0,0.0
11832197,50.9593956,3.4851873
20156746,51.1874878,3.5666341
12355278,50.9474181,3.6800509
19275293,50.92810025,4.067127773026316
3370381,51.1224228,4.0921841
15018310,51.0268308,4.1005587
13336449,51.2108994,4.2596412
12433293,51.0147574,4.2019847
740788,51.1617954,4.142488756770848
10173853,51.1212488,4.2030024
16063866,51.0501065,3.7379013
15636471,51.1874878,3.5666341
18184636,51.1044337,3.6259832
17648694,51.1305905,4.2693049
12814718,0.0,0.0
17913095,51.0685607,4.0402736
17810428,51.0215946,4.0086838
9592814,50.8373102,4.0254378
7210787,0.0,0.0
17755692,51.0361169,3.8541365
12702151,0.0,0.0
12801319,51.2139228,4.2541915
3310000,51.05496405,3.7211602716582055
14064218,0.0,0.0
19407467,51.0662526,3.816755
17371021,51.1606421,4.2072412
740784,51.1614195,4.1424669
12051530,51.1109139,3.701062928400171
16644032,51.1112518,3.7012634
16663275,51.0437211,3.7211959
13414926,51.05202295,3.725531189380943
17728465,50.9314573,4.1348492
15145251,51.0417661,3.7252961465767633
14990435,50.9389724,4.0336802
15019055,50.8427939,3.6082761
12940230,51.05662195,3.726370422000615
3785414,51.03167895,3.667985111419484
9807527,51.0570704,3.7086495727842506
12437165,50.9914338,3.6504622
7285489,51.0006175,3.7200664
16674284,51.0281193,3.7686411
8873848,51.0286675,3.7221338
3607616,51.1388346,3.4128074
7917202,0.0,0.0
7366476,51.0486145,3.7315388
13414530,51.0922533,3.6134775
4047785,51.0543356,3.72576186873411
7699642,0.0,0.0
12826164,50.9075299,3.6465802
12231868,51.0562021,3.742270093144291
6690675,50.94067015,4.035753241850832
1136356,50.77057575,3.8748868215331407
740629,50.9381248,4.0399828
16754132,51.1675872,4.194413706648389
17425219,51.1846104,3.5671737
23980352,50.9362458,4.039938818291662
24872346,51.2569832,3.7155594
18930484,50.9238167,3.4470247
24192904,50.9173287,3.6912921
24155750,51.0727835,3.7092949
10630142,51.182292200000006,3.63966545060272
5895421,51.0754227,4.092613968244059
15554482,50.8736566,3.6144403
23777561,51.0937821,4.145314109448819
23688355,51.0522181,3.7219441
23715868,51.1637309,4.139538902161712
24035918,50.9390598,4.041820175396101
12722855,0.0,0.0
10779295,51.1621136,4.141364427141123
20956548,50.94100045,4.017684824560117
23986966,51.040056,3.8013122
23500960,50.869711,3.8106354
23778438,51.1834681,3.5681032
7823785,51.2543118,4.0889926
12497494,51.03811065,4.163357710003711
21280173,51.1848455,3.5648757
1083401,51.04917115,3.732881865372268
5813529,51.1056946,3.9906818
19850232,50.9421152,4.0389524
12233182,51.0562163,3.6945848
11802407,51.0563347,3.7263876
805832,51.0327081,4.1078849
21399538,51.054635450000006,3.721378318458115
12611405,50.9639838,3.977539188787239
10323083,51.0052103,4.1341209
21374847,51.1007779,3.977334212185313
12315093,51.0327081,4.1078849
8178459,51.0063368,3.8859053
13324109,51.04610075,4.171233950019037
11863021,50.8384723,3.5972584
10501019,0.0,0.0
23591634,0.0,0.0
21257681,51.0288475,4.098903533777656
10135329,51.0271578,4.0092655
6529218,51.1185413,3.5595717
10695994,50.90956235,4.027546790669783
23743742,50.8608725,3.6349528
16853084,51.2554405,4.0930317
740674,51.046287,3.7221731
11666084,51.0426294,3.7184037
21285553,50.84444055,3.603082721669626
21184371,51.1276135,4.291046413247094
21305390,51.0312223,4.098569
13154694,0.0,0.0
6925562,50.9386097,4.037099306637693
20157851,51.1874878,3.5666341
19275313,51.055153,4.1055972
21340056,51.0268308,4.1005587
8336916,51.1794163,3.5054947
4584658,51.0905437,3.7581380810283664
740804,51.1865835,3.833718715131048
19910450,51.05237605,3.72527773341082
14025087,0.0,0.0
3632650,50.8323849,4.0140023
7994419,51.0476529,3.7218023
17571002,51.1623628,4.1586634
7742785,50.9014225,3.5290643
2187902,51.1646685,4.1395124
19864943,51.2096408,4.2492593
23460574,51.0513379,3.7288895
18379602,51.05610875,3.720312885232063
12847598,51.0410549,3.9820246
19071810,50.7718401,3.8834303
12867941,51.056364,3.7260911
19427319,51.0296421,3.765955887432376
19115966,50.8323849,4.0140023
19322754,50.8009454,4.0617326
15583552,51.0061334,3.7513094
12724321,0.0,0.0
3737634,51.098339,4.0066996719984
7823795,51.07774735,3.7511762616763367
17562469,51.10815985,3.70873353649373
10162363,0.0,0.0
23378415,0.0,0.0
15193041,0.0,0.0
17514070,51.0508311,3.702435
17503428,51.2040526,3.4503099
9981967,51.12434215,4.215877445965489
10661664,51.111498,4.0893059
16869273,0.0,0.0
7676087,51.17601915,4.190032269594596
15219133,50.7482214,3.6148268
14941662,50.9596575,3.5969017
740661,51.05685745,3.722014384681053
15238305,50.9493511,4.044662353385829
10901492,50.8189149,3.7174398
12069456,51.017566,3.69538698704484
3966929,51.06051485,3.702219485757953
23414521,51.0439468,3.7025086
7823816,51.1253905,4.2865786
13979078,51.1058792,3.9886099
13189417,51.037564,3.7490836
21142548,50.92351425,4.068739005859031
13385579,51.0041963,3.7547404
12683956,51.0577417,3.7072338
19078568,50.8710854,3.8097666
13168768,51.16868465,4.187351297359157
12921940,51.0577417,3.7072338
12896116,51.1651734,4.140824131642512
12862410,51.0957167,3.7094185
12608448,51.0588076,3.7247815
12153436,50.7737106,3.8935523
6857046,51.1665251,4.134345157535556
7332761,51.2140451,4.250898
9562863,51.0626636,3.698677916621003
7375862,51.053978,3.725608807628473
8686752,51.0529556,3.7458892
10769531,51.0589398,3.7248056
2236340,51.058231,3.7239616
10546207,0.0,0.0
2441839,51.0577417,3.7072338
10177685,51.11246645,4.093981056756607
10499575,0.0,0.0
7801735,51.048953,3.7312829
17381180,51.1235288,4.2161308
7823784,51.0580701,3.7426794
12701321,51.0567513,3.7217059
1024662,51.0539582,3.7199527
7342734,51.0679363,4.0386548
4721876,51.06155785,3.726426403712263
6642581,50.9566699,3.6415525
1141608,50.937991,4.036919588397129
1169005,51.0599132,3.7289685
19006694,50.9996588,4.2103766
7194294,51.1125308,3.3986731763661253
20988878,51.2011412,3.5308029
3589502,51.02701085,4.218816211382302
967009,50.9239984,4.005481212774265
7064105,51.20648185,4.039965724804128
16864985,51.0411273,3.7276412
20806422,51.0537031,3.6982484
20936236,51.0797799,3.7576026
21318604,50.9719696,3.5300321699144765
740621,50.941646250000005,4.03785649959632
15127154,51.0530807,3.722341122752935
18005098,0.0,0.0
1065393,51.15536465,4.000380884446075
16693705,51.1744043,3.7449498
5049444,51.0981493,4.1386456
4481629,51.1101384,3.9666918
10150663,51.14618325,4.087728820648893
17741046,51.17217405,4.066860481629592
13281493,51.0410248,3.7254899
12877926,50.85645935,3.891313534784345
8427292,51.0952661,3.82770269164014
4829628,50.9362458,4.039938818291662
24049284,51.09659035,3.83570064134446
17433403,50.8428679,3.6036945215569194
23196446,50.92620065,3.955115108940846
7823807,51.23858595,4.059715006704305
23504169,51.2064981,4.041798919217154
23538694,50.9861985,4.107934
17767002,51.110694,3.9824964
9832038,50.8633438,3.5962061
23767606,51.02800895,4.100011442265483
23766396,51.17601915,4.190032269594596
21439260,51.0621242,3.724916
4951915,51.0367853,3.7129689
12569553,51.0625472,3.72075589652915
7823798,51.0567042,3.7414919
14140762,51.03779885,3.7459854407209754
3211637,0.0,0.0
13972233,51.0320476,3.76114
23954460,50.90227685,4.010305266604544
4431449,51.05642520000001,3.72110837269194
20965202,51.0492831,3.7310325
11832030,51.163240900000005,4.140371425604652
7130826,50.8961407,3.8085692
18591853,50.9819617,3.6613455
13166489,51.0560226,3.7978297
4088197,50.93878555,4.032232244357308
12383467,51.04579765,3.643162061151552
23615062,51.12295365,4.100461720095487
10440386,51.0797799,3.7576026
1070182,51.04479435,3.72391289449041
19833706,51.0525733,3.7268963
23599234,51.0136064,4.202075811853833
1370775,50.93825995,4.037732338586666
7367610,51.0543361,3.7310449
12303774,50.7746959,3.8956956
12991850,51.0542316,3.723402173624821
10365168,51.0543356,3.72576186873411
740594,50.96265425,4.131462672129554
23547127,50.8843113,3.893336927316488
8485643,50.7473198,3.6012988
12366301,51.1926098,4.097376
23954325,51.08575255,3.726926098248448
19381185,0.0,0.0
12724318,51.15380675,4.159645124557388
12093860,51.0607339,3.7335699708420167
18936608,0.0,0.0
11535550,51.0586813,3.7271914
20266231,50.9857337,3.52621180818036
805450,51.05194435,4.076584913706565
13338291,51.0537374,3.7183104
17175079,51.0521066,3.7226195
5494155,51.05276445,3.72269754228805
17377615,51.0566706,3.7264224
10760161,50.84956585,3.6006179655765003
9991551,50.8714947,3.8110371
12435729,51.0080815,3.6577311
7708423,51.0362089,3.9174184381188617
7226195,51.0652445,3.7087166
8563926,51.170007,4.149094751630454
17323292,50.9381853,4.0382598
23419075,51.0575854,3.7255667
10426266,51.0367231,3.7127722
10597501,51.06157485,3.7001429208407055
1179043,0.0,0.0
6380688,51.0573333,3.7250209
10712016,51.1858381,4.007125553280441
11773753,51.0957346,4.142766758521402
4723361,51.0619615,3.7238918
5036761,50.869711,3.8106354
13892649,51.036961,3.741105
8068808,50.828903,4.0392895
10106048,51.09463465,3.828379060206966
4291574,51.0891333,3.8081015
4115358,50.8098219,4.0238294
23468853,50.95822585,3.903992385451761
8818236,51.0543316,3.7260186
740596,50.9130871,4.0316132
3654983,50.9905931,3.5913629
4026066,51.2038271,3.4441872
7259508,50.91680095,3.6827363467483
23468521,51.04890325,3.726857267286264
3864856,51.04032755,3.611751357399757
3163710,51.0567362,3.7265196
19891873,51.1878983,3.564635
4553022,51.11160889999999,3.6986450640818216
23535946,50.9325905,4.031028115888558
15634671,51.0659019,4.032937072962962
12406963,0.0,0.0
14050528,51.218950250000006,3.617082717024128
21281864,51.0372297,3.7405881
19816323,51.038895,3.7262987
10317385,51.15865665,4.144910849665546
11688454,51.088509900000005,3.4475653579555003
21371823,51.0486413,3.7339479
23980133,50.7488186,3.6043924
947200,51.16483775,4.142407878131211
6989753,51.1177614,3.7199873
12535414,51.1995293,3.789857
10746875,51.1642047,4.140252130563159
3847527,50.9854552,3.567767
3208202,51.0521318,3.7201368
12322517,51.0558183,3.7396887
6771275,51.2309119,4.018583790269151
15039251,51.204129,3.679098
6973116,51.0414917,3.7250828
5124709,51.048028900000006,3.97906008825164
7932025,51.0254911,4.024375936641205
23368938,50.74294585,3.601895509560906
15231318,50.8343568,4.0107759
8658427,51.0327782,3.549446
22857449,51.03910845,3.7258067611590473
12094951,0.0,0.0
1372472,51.2096408,4.2492593
14153820,50.9926609,3.652246215891826
12839339,50.8695652,3.814195
13475690,51.16983725,4.142878584743694
15757049,51.0395058,3.7448803
17381892,51.05038585,3.728395612287101
8594246,50.8357784,4.0086454
3806928,0.0,0.0
15148684,50.8917629,4.073320045568892
12140714,51.12514805,4.098287493732347
1179191,51.05468845,3.722419025958467
3648197,0.0,0.0
12030738,50.7473198,3.6012988
5036773,51.0199576,3.682818
10777820,51.04073915,3.725368618732128
13353590,51.16483775,4.142407878131211
9725955,51.1820139,3.5719635
740703,51.0506096,3.7294881
14990431,50.9383862,4.039834801176228
17582102,50.8311759,3.6542676
1135522,51.0428945,3.737288686439113
19816386,51.1708756,4.1441507
4473602,51.0454968,3.7434782
740660,51.0566265,3.735336
5772971,51.0517609,3.7569341
2534117,51.0566963,3.726478
13326635,50.8671404,3.8084792
8630370,0.0,0.0
12634730,51.1770752,4.190529154370605
11844489,51.132140250000006,3.6782477198274
15150347,51.21237375,4.255305588643738
23701362,50.82768,3.9354456
14157904,51.0037636,3.8892053
10270726,51.0491478,3.695355
23469211,51.1460316,4.3024075
8025230,51.0550878,3.7217395
9731169,51.0279275,3.7138429
1223250,50.7724713,3.893642812667262
20806423,50.77192245,3.8750392454831935
12482829,51.0374315,3.7139281
21373008,0.0,0.0
12873738,51.1638706,4.1394325
14440905,0.0,0.0
3367080,50.99766665,4.211152846406904
12438055,50.93995685,4.042720582724057
17433620,50.8996805,3.8777404
23978152,50.937070250000005,3.778072860786688
23141483,51.018955250000005,3.7692654002172072
21311330,51.05428325,3.723116093159806
15644696,51.0572802,3.7261703
21242584,51.1384592,3.4129133
11816444,51.1173241,4.1907723
784382,51.05495635,3.721517872989212
8486394,51.0548994,3.7223248
10642470,51.053775,3.7254193
21184774,0.0,0.0
13940049,51.01577055,4.005817496731883
4732216,51.0911902,4.018534092773923
9977754,51.1647636,4.1414841
11970241,0.0,0.0
11984907,51.02800895,4.100011442265483
12278408,51.2543118,4.0889926
4953446,50.7472583,3.5991146
15037703,50.8908018,4.0983939
15249133,51.218220900000006,4.127213135964915
13483884,51.123194100000006,4.216460472895827
12292076,51.1630559,4.142489228245031
23859309,51.0556025,3.7273534
7219230,51.1641695,4.1429422
18717003,51.0012749,3.8907021
23394588,51.1685779,4.193998482738234
13326274,50.9386097,4.037099306637693
23894517,50.9395557,4.042995669244605
4343792,0.0,0.0
12949250,0.0,0.0
1199541,50.9384958,4.0389045
6000893,51.004575,4.011261809468525
4554760,51.232722,4.074070455266108
24967522,50.8366383,3.9989205
23737283,0.0,0.0
24897762,51.0253256,3.756946
24528515,0.0,0.0
15757109,51.1282243,3.7831444
21275614,50.8409628,3.6122102
24089094,0.0,0.0
23422924,50.8401899,3.5822759
19080527,50.8430028,3.6059122
23641205,50.8432904,3.6071793
23925824,50.856319,3.6014641030854517
23606098,50.8429628,3.6060168
23714862,50.843566800000005,3.603319149949244
17810648,50.8430335,3.605279168863915
19988180,0.0,0.0
15652136,50.9725869,3.6561016
21376600,50.9725869,3.6561016
21323441,50.9725869,3.6561016
19987543,50.9107504,3.9868236
23542730,0.0,0.0
23880091,50.8069446,3.858977867707493
23879330,50.8069446,3.858977867707493
23915843,50.8563647,3.887495
21510316,50.89242,3.8554722
23819264,51.1510741,3.9484569326523946
21310653,50.9657193,3.9778273
23339548,0.0,0.0
23831015,50.87378965,3.698666345282328
23501261,51.0018686,3.9692383
23499296,51.0033283,3.9701491
20988933,51.2011412,3.5308029
23774468,51.1819477,3.5733579
23850345,51.0863235,3.7065320496463303
21096502,50.7489453,3.846773866075008
24949681,50.7680615,3.8451064
24932262,50.7680615,3.8451064
23658683,50.77048545,3.873547799398314
17652821,50.7717635,3.8789267
23396890,50.7717635,3.8789267
18032175,50.7717635,3.8789267
21360425,51.0386251,3.7466903
24006132,51.0398614,3.7445376
23397473,0.0,0.0
10724874,51.0358856,3.7436959
24869661,0.0,0.0
23731323,51.0679363,4.0386548
17990597,51.0690992,4.0412237
21342185,51.0321105,4.1009809
12615316,51.0280138,4.099389249001198
19613573,51.0277862,4.099837090211778
19850935,51.0284358,4.1008466669312735
12681865,51.0464415,4.0942832
23682498,51.20703625,4.041603562627236
17327139,51.2003284,3.811167
23764254,51.1287714,4.229339635148515
24887231,51.12039595,4.203428223675502
740763,51.013182,3.6291566555202097
24066711,51.00867995,3.63171405576497
21272957,51.0843729,3.4486355
19960206,51.0870139,3.4484626
22931923,51.2308583,3.5201248
24825494,0.0,0.0
24103042,51.1821224,4.4237798
18895014,0.0,0.0
19805791,0.0,0.0
21070280,51.0509264,3.6630753
23578479,51.18522505,3.6177726834764
23226016,50.8322646,4.0129652
19816357,50.8323849,4.0140023
3737578,50.8280939,4.0256659
740737,50.828903,4.0392895
740729,50.8250253,4.0330152
24931810,0.0,0.0
17836648,50.7487895,3.598984
24205992,50.7473198,3.6012988
20260557,0.0,0.0
21092655,50.7482294,3.5983864
17912968,51.1047392,3.988805399423343
21166280,51.0025559,3.714487628088397
24180607,51.1442458,3.8165777
19114885,51.0605387,3.7989954
23201180,51.0666107,3.8119456
23561091,50.9162858,4.0451601690789385
7046170,50.9208583,4.0603262
17511508,50.92412095,4.06825520542216
24944692,50.9456138,3.8028568
24037763,50.9468219,3.9488983
19327234,50.94083025,3.9900826965330265
23706424,51.2089905,3.4470783
21140998,51.2089905,3.4470783
12896095,51.2136193,3.38368252111571
20105090,51.2090985,3.4461405
20996099,51.2061489,3.4595694
23781698,50.8706481,4.0430425
23500945,50.89197505,4.073111653125
17679813,51.1136818,3.7117113
21494611,51.16988325,4.157433356157394
13973049,51.1684663,4.1606528
24058472,51.16509825,4.143480653440333
21312020,51.182383,4.109041314414396
24097569,51.172081,4.1461435
19632794,51.15326385,4.153538218494281
9569093,51.17143845,4.162455129756044
12516414,51.19355855,4.173738134392544
21251198,51.16741355,4.147552425192964
24150066,51.172706950000006,4.125378720776633
4039974,51.14793445,4.122914275647055
15666327,51.16386675,4.142843347988755
15756952,51.0447142,3.7348528
21342683,51.0505186,3.7274867
21346918,51.05024335,3.72969339585378
21361120,51.0386251,3.7466903
21399837,51.0663233,3.6998514
15583440,51.0759666,3.7466565
20296339,51.051174,3.7200776
18902801,51.06033775,3.729284117119566
13656842,51.0373892,3.7095286
18954161,51.0539697,3.730622152080572
19686150,0.0,0.0
23609100,51.0569127,3.738298
23780043,51.0543904,3.722272620609038
23800486,51.0373003,3.7104171
23825508,0.0,0.0
24053895,51.0577417,3.7072338
15049542,51.0642151,3.7267227
740696,51.05366425,3.6976831889068182
21399838,51.0398951,3.7236044
24981599,51.0402125,3.7191154
17810477,51.0546773,3.7236390182642345
24192911,51.049121,3.7308308
12731402,51.0620764,3.7024277
15614277,0.0,0.0
3773882,51.0774109,3.7008592
23411225,51.0649869,3.7372398
21142231,51.0604814,3.720667636869059
1179194,51.058135,3.723831155882352
24037851,51.0513379,3.7288895
19080837,51.0581346,3.7276013840132665
1179029,51.0487575,3.721156292009921
1179022,51.0607241,3.7104239
19087148,51.0570121,3.7310775
23742265,51.05297495,3.7232557004954336
23478833,51.05428325,3.723116093159806
19882894,51.041209,3.7133554
18977296,51.0576921,3.739486031891284
24923099,51.0482878,3.7273256
19497317,51.1446726,3.776667302309219
10792106,51.0651529,3.726456587773488
12132223,51.0535162,3.721504
11920234,0.0,0.0
15015122,51.0529892,3.74701839414226
23555012,51.0536205,3.7210697395490753
10366174,0.0,0.0
19060023,51.0651529,3.726456587773488
19727745,51.0328358,3.707415993386813
740688,51.0618986,3.7272948736062
15277826,51.0268864,3.7098349
740662,51.0722552,3.709291905178828
1504757,51.0563347,3.7263876
24190129,51.049121,3.7308308
21024478,51.05592795,3.72290951805012
23721072,0.0,0.0
21254867,51.0560288,3.7225189627648287
4072006,51.0444668,3.7263653
20143743,51.0559074,3.724851715705208
15591065,51.0645753,3.69948504233282
23110002,51.0612207,3.754230991824937
1053835,51.0652445,3.7087166
17601044,51.05665105,3.7207153306374616
24027923,51.0535598,3.720875
23751703,51.04868515,3.7317630156782826
24040644,51.0357829,3.7262724
15346548,51.0489518,3.727223825786556
12925569,51.04026085,3.7257281309390695
23500948,51.0572551,3.7426094
19096081,0.0,0.0
15583791,51.0609529,3.7111139
21325327,50.94132775,4.043915310475144
15602877,50.9408001,4.038805865957445
12933395,50.9389724,4.0336802
17568217,50.9336703,4.037019729281639
15599307,0.0,0.0
24865558,50.93920935,4.03826124250242
740631,50.9277106,4.03521926260296
24106236,0.0,0.0
18716861,50.9552703,4.1422676
21290324,50.9501946,4.055826635944413
23552353,51.022497,4.0043286
14044714,50.9984294,3.8695352
23549778,51.0021034,3.8832798
18856306,51.0000698,3.8957477
23416639,51.0019634,3.88248
8154630,0.0,0.0
17747283,51.0091479,3.8970855
21071308,51.0456595,3.5323511
16682998,0.0,0.0
10761811,51.1297098,4.267448007770034
15249138,50.9851256,3.5302715
23184875,50.9805249,3.5406165
24153303,0.0,0.0
15334596,0.0,0.0
21176036,50.98750555,3.57621382060034
13414609,50.9816185,3.5290058192178138
21275108,0.0,0.0
23618776,50.98312955,3.450294301174069
21083578,50.9840526,3.5274017
21067629,50.97978755,3.533592731312644
18015696,51.0033789,3.7516259
19706689,51.0188682,3.7540002
20291887,51.004857,3.7483906
8041124,51.02473365,3.749046576145272
19890336,50.959755900000005,4.031816144346481
14927061,51.1457619,4.2989308
19339736,50.9923065,4.1335538
17787513,50.9942585,4.1388598
12173894,51.0755879,4.092672944989007
17147016,50.8717581,3.8100346
12188467,0.0,0.0
15048708,50.8691807,3.8127027
18220557,50.8528124,3.7866609
23571474,50.9032568,3.5050821
3956680,50.947908850000005,4.097626326789348
23363568,50.9478251,4.098753863305806
24027867,50.9999861,3.548880282553289
